<?xml version="1.0" encoding="ISO-8859-1"?>

<config>

	<!-- from GTP tunnel information to GTP tunnel information -->
	<teidTable>
		<!-- Local Address -->
		<teid 
			teidIn  ="0"
			teidOut ="-1"
			nextHop ="0.0.0.0"
		/>
	</teidTable>
	
	<!-- from tftIdentifier to GTP tunnel information -->
	<tftTable>
		<tft 
			tftId   ="11"
			teidOut ="11"
			nextHop ="192.168.1.2"
		/>
	</tftTable>
	
	<!-- from destination address to tftIdentifier -->
	<filterTable>
		<filter
			destName   = "InternetHost"
			srcName    = "ue[0]"
			tftId      = "11"     
		/>
	</filterTable>
</config>